{
  "id": "3786935",
  "name": "vue2photo",
  "font_family": "iconfont",
  "css_prefix_text": "icon-",
  "description": "",
  "glyphs": [
    {
      "icon_id": "17290932",
      "name": "file-empty",
      "font_class": "file-empty",
      "unicode": "e6a4",
      "unicode_decimal": 59044
    },
    {
      "icon_id": "17290933",
      "name": "gif",
      "font_class": "gif",
      "unicode": "e6a6",
      "unicode_decimal": 59046
    },
    {
      "icon_id": "22007685",
      "name": "image",
      "font_class": "image",
      "unicode": "e66b",
      "unicode_decimal": 58987
    },
    {
      "icon_id": "22906384",
      "name": "other",
      "font_class": "other",
      "unicode": "e69a",
      "unicode_decimal": 59034
    },
    {
      "icon_id": "23182868",
      "name": "PNG",
      "font_class": "PNG1",
      "unicode": "e69f",
      "unicode_decimal": 59039
    },
    {
      "icon_id": "23183417",
      "name": "JPG",
      "font_class": "JPG",
      "unicode": "e6a5",
      "unicode_decimal": 59045
    },
    {
      "icon_id": "12600923",
      "name": "tga",
      "font_class": "tga",
      "unicode": "e660",
      "unicode_decimal": 58976
    },
    {
      "icon_id": "9697605",
      "name": "其他格式文件",
      "font_class": "icon_xinyong_xianxing_jijin-",
      "unicode": "e634",
      "unicode_decimal": 58932
    },
    {
      "icon_id": "2357495",
      "name": "搜索框",
      "font_class": "searchicon",
      "unicode": "e613",
      "unicode_decimal": 58899
    },
    {
      "icon_id": "77403",
      "name": "链接",
      "font_class": "link",
      "unicode": "e600",
      "unicode_decimal": 58880
    },
    {
      "icon_id": "2674928",
      "name": "箭头 右",
      "font_class": "arrows",
      "unicode": "e62d",
      "unicode_decimal": 58925
    }
  ]
}
